<?xml version="1.0" encoding="UTF-8"?>
<!DOCTYPE hibernate-configuration PUBLIC
		"-//Hibernate/Hibernate Configuration DTD 3.0//EN"
		"http://hibernate.sourceforge.net/hibernate-configuration-3.0.dtd">
<hibernate-configuration>
    <session-factory>
    	<property name="hibernate.bytecode.use_reflection_optimizer">false</property>
    	<property name="hibernate.dialect">org.hibernate.dialect.PostgreSQLDialect</property>
        <property name="hibernate.connection.driver_class">org.postgresql.Driver</property>
        <property name="hibernate.connection.username">postgres</property>
        <property name="hibernate.connection.password">root</property>
        <property name="hibernate.connection.url">jdbc:postgresql://127.0.0.1:5432/test</property>
    	<property name="show_sql">true</property>
    	
        <mapping class="com.hibernate.tutorial.Product"></mapping>
                <mapping class="bean.ProductIngredients"></mapping>
        
    </session-factory>
</hibernate-configuration>
